

    {
        "contactId": 1,
        "dateOfBirth": "1986-08-15",
        "firstName": "Bhargav",
        "lastName": "Vandana",
        "middleName": "Naidu",
        "addresses":
        [
            {
                "addressId": 1002,
                "address1": "Hyderabad",
                "address2": "Madhapur",
                "addressType": "Work",
                "country": "India"
            },
            {
                "addressId": 1001,
                "address1": "Hyderabad",
                "address2": "Miyapur Alwyn",
                "addressType": "Home",
                "country": "India"
            }
        ],
        "contactcategories":
        [
            {
                "id": 5,
                "categoryName": "Britisher"
            },
            {
                "id": 2,
                "categoryName": "indian"
            },
            {
                "id": 1,
                "categoryName": "Indian"
            },
            {
                "id": 4,
                "categoryName": "britisher"
            },
            {
                "id": 3,
                "categoryName": "American"
            }
        ],
        "contacttags":
        [
            {
                "id": 2,
                "tagName": "Friends"
            },
            {
                "id": 1,
                "tagName": "Family"
            }
        ],
        "phones":
        [
            {
                "phoneId": 1,
                "phoneNumber": 9985866889,
                "phoneType": "mobile",
                "prefix": "91"
            },
            {
                "phoneId": 3,
                "phoneNumber": 242380,
                "phoneType": "Fax",
                "prefix": "91"
            },
            {
                "phoneId": 2,
                "phoneNumber": 234567,
                "phoneType": "Fixed",
                "prefix": "040"
            }
        ]
    }

